{
    "loss": 1.0162360668182373,
    "accuracy": 0.5138888955116272
}