{
    "loss": 1.0609333515167236,
    "accuracy": 0.5555555820465088
}