{
    "loss": 13.81541633605957,
    "accuracy": 0.34166666865348816
}